{
    "map": {
        "angle_steps": 8,
        "speed_steps": 3,
        "x_cm": 400,
        "y_cm": 400
    },
    "timestep_ms": 500.0,
    "disc": {
        "dstep": 7.0,
        "hstep": 0.785398163
    },
    "collision_detect":{
        "mode":"circle",
        "ov_appr_threshold": 50.0,
        "ov_appr_step": 5,
        "cl_appr_threshold": 15.0
    },
    "velocity":{
        "acc_limit":60.0,
        "zero_velocity_level": 1,
        "vlevels": [-0.3, 0.0, 0.3]
    },
    "MPComputeBruteForce": {
        "fit_quality_angle": 0.157079633,
        "fit_quality_position": 0.833333333,
        "fit_allowed_speed_difference": 0.05
    },
    "compute": {
        "worker_count": 30
    },
    
    "mpnl_weights": {
        "mu_pd": 1.0,
        "mu_hd": 10.0,
        "mu_vd": 0.5,
        "mu_vccd": 0.01
    },
    "mpnl_args":{
      "ts_ms": 500.0,
      "ub": [ 0.39269908169872414,  0.39269908169872414,  60.0,  60.0],
      "lb": [-0.39269908169872414, -0.39269908169872414, -60.0, -60.0],
      "maxt": 2.0,
      "st_val": 10.0,
      "a_v": 10.0,
      "a_p": 1.0,
      "a_h": 0.075
    },
    "mpnl_debug":false,

    "mpnl_param_weights": {
        "mu_l": 1.0,
        "mu_lth": 7.0,
        "mu_vd": 1.0,
        "mu_hth": 10.0
    },
    "mpnl_param_args": {
        "ts_ms": 500.0,
        "obj_lam_target": 40.0,
        "ub": [70.0, 5.0,  0.35, 0.39269908169872414, 65.0],
        "lb": [0.0,  0.0, -0.35,-0.39269908169872414, 20.0],
        "maxt": 20.0,
        "st_val": 5.0
    }
}